,Type,Data1 Mean,Data2 Mean,ci_lower1,ci_upper1,ci_lower2,ci_upper2,t_statistic,p_value
0,GZ in 3C vs Overall 2C (Including GZ),1.9789473684210526,1.9502967359050445,1.962238609490568,1.9956561273515372,1.9386820151570496,1.9619114566530393,2.128173356974367,0.03347227528677167
1,GZ in 3C vs Not GZ in 2C,1.9789473684210526,1.942615239887112,1.9622359817368327,1.9956587551052725,1.9286147882071905,1.9566156915670334,2.5101785957323237,0.012183553443459139
2,GZ in 3C vs Normal in 2C (Including GZ),1.9789473684210526,1.9489291598023064,1.9622374987078166,1.9956572381342885,1.9365305679417926,1.9613277516628203,2.1935625136819352,0.028420183116133386
3,GZ in 3C vs PCPlus in 2C (Including GZ),1.9789473684210526,1.962686567164179,1.9622024082528673,1.9956923285892378,1.9303823173206967,1.9949908170076616,0.9697225705960649,0.3327469080223593
4,GZ in 3C vs Normal in 2C (Excluding GZ),1.9789473684210526,1.9397201291711519,1.9622343186861233,1.9956604181559818,1.9243918485711222,1.9550484097711816,2.6368744142067095,0.008474369361377267
5,GZ in 3C vs PCPlus in 2C (Excluding GZ),1.9789473684210526,1.962686567164179,1.9622024082528673,1.9956923285892378,1.9303823173206967,1.9949908170076616,0.9697225705960649,0.3327469080223593
6,Normal in 2C (Including GZ) vs PCPlus in 2C (Including GZ),1.9489291598023064,1.962686567164179,1.9365294423612573,1.9613288772433555,1.9304470870307016,1.9949260472976567,-0.6950032180160249,0.48717324093560144
7,Normal in 2C (Excluding GZ) vs PCPlus in 2C (Excluding GZ),1.9397201291711519,1.962686567164179,1.9243896676086043,1.9550505907336995,1.930439291081026,1.9949338432473323,-1.0681843511616291,0.28568033404362697
