,Type,Data1 Mean,Data2 Mean,ci_lower1,ci_upper1,ci_lower2,ci_upper2,t_statistic,p_value
0,GZ in 3C vs Overall 2C (Including GZ),1.512280701754386,1.314540059347181,1.4541038394561847,1.5704575640525873,1.2897249770275638,1.3393551416667981,6.439285752382509,1.5749211378202062e-10
1,GZ in 3C vs Not GZ in 2C,1.512280701754386,1.2615239887111946,1.4540946900951914,1.5704667134135806,1.2350694316060464,1.2879785458163429,8.294095217976011,2.6243955492508145e-16
2,GZ in 3C vs Normal in 2C (Including GZ),1.512280701754386,1.299011532125206,1.4540999719124947,1.5704614315962773,1.273226458707668,1.324796605542744,6.946784675715236,5.555404151549733e-12
3,GZ in 3C vs PCPlus in 2C (Including GZ),1.512280701754386,1.455223880597015,1.4539777933249611,1.5705836101838109,1.3703437281836035,1.5401040330104265,1.0884623055313332,0.2770197352802914
4,GZ in 3C vs Normal in 2C (Excluding GZ),1.512280701754386,1.2335844994617868,1.4540888996548287,1.5704725038539433,1.2063347715377837,1.26083422738579,9.297238257096083,6.497965133894283e-20
5,GZ in 3C vs PCPlus in 2C (Excluding GZ),1.512280701754386,1.455223880597015,1.4539777933249611,1.5705836101838109,1.3703437281836035,1.5401040330104265,1.0884623055313332,0.2770197352802914
6,Normal in 2C (Including GZ) vs PCPlus in 2C (Including GZ),1.299011532125206,1.455223880597015,1.2732241178630737,1.3247989463873384,1.3705139120722132,1.5399338491218169,-3.7118651165590526,0.00021413312139516817
7,Normal in 2C (Excluding GZ) vs PCPlus in 2C (Excluding GZ),1.2335844994617868,1.455223880597015,1.2063308943491557,1.260838104574418,1.3704934280368348,1.5399543331571952,-5.530691628711307,4.01594279864817e-08
